{"cameraMode":{"drawMode":0,"name":"Shaded","section":"Shading Mode"},"sceneLighting":true,"audioPlay":false,"sceneViewState":{"m_AlwaysRefresh":false,"showFog":true,"showSkybox":true,"showFlares":true,"showImageEffects":true,"showParticleSystems":true,"showVisualEffectGraphs":true,"m_FxEnabled":true},"in2DMode":false,"pivot":{"x":31.310789108276368,"y":-2.375380516052246,"z":41.01636505126953},"rotation":{"x":0.3716132938861847,"y":-0.07895725220441818,"z":0.03173932433128357,"w":0.9244939088821411},"size":20.911813735961915,"orthographic":false}