{"cameraMode":{"drawMode":0,"name":"Shaded","section":"Shading Mode"},"sceneLighting":true,"audioPlay":false,"sceneViewState":{"m_AlwaysRefresh":false,"showFog":true,"showSkybox":true,"showFlares":true,"showImageEffects":true,"showParticleSystems":true,"showVisualEffectGraphs":true,"m_FxEnabled":true},"in2DMode":false,"pivot":{"x":17.617938995361329,"y":-0.11326709389686585,"z":36.19855880737305},"rotation":{"x":0.22529105842113496,"y":-0.03623402118682861,"z":0.008385307155549527,"w":0.9735962748527527},"size":21.86064910888672,"orthographic":false}