{"cameraMode":{"drawMode":0,"name":"Shaded","section":"Shading Mode"},"sceneLighting":true,"audioPlay":false,"sceneViewState":{"m_AlwaysRefresh":false,"showFog":true,"showSkybox":true,"showFlares":true,"showImageEffects":true,"showParticleSystems":true,"showVisualEffectGraphs":true,"m_FxEnabled":true},"in2DMode":false,"pivot":{"x":28.19317054748535,"y":13.854702949523926,"z":43.83584213256836},"rotation":{"x":0.22529105842113496,"y":-0.03623402118682861,"z":0.008385307155549527,"w":0.9735962748527527},"size":2.282623052597046,"orthographic":false}